beer,bread
TV,fridge
fridge,ele_oven
bread,orange
orange,beer
scissors,knife
PC,TV
TV,ele_oven
beer,bread
PC,fridge
scissors,stapler
fridge,PC
PC,ele_oven
phone,TV
ele_oven,TV
apple,bread
plate,knife
stapler,plate
ele_oven,fridge
knife,scissors
PC,fridge
PC,phone
plate,scissors
ele_oven,TV
beer,orange
scissors,knife,glue
glue,knife,plate
scissors,stapler,beer
stapler,knife,plate
plate,knife,stapler
scissors,knife,plate
beer,milk,orange
phone,PC,ele_oven
fridge,phone,TV
glue,plate,stapler
milk,beer,bread
TV,ele_oven,fridge
TV,phone,ele_oven
stapler,plate,glue
beer,milk,phone
fridge,phone,PC
apple,orange,milk
apple,bread,milk
stapler,knife,scissors
PC,TV,phone
ele_oven,fridge,phone
glue,knife,scissors
orange,apple,beer
apple,milk,bread
TV,ele_oven,PC
PC,fridge,phone,ele_oven
glue,stapler,plate,orange
knife,stapler,glue,bread
knife,stapler,glue,scissors
phone,fridge,TV,PC
phone,TV,fridge,ele_oven
stapler,plate,glue,scissors
orange,apple,beer,milk
stapler,scissors,plate,knife
beer,milk,orange,plate
phone,ele_oven,PC,TV
knife,stapler,plate,scissors
TV,fridge,ele_oven,phone
glue,knife,scissors,plate
phone,ele_oven,fridge,TV
TV,ele_oven,PC,fridge
bread,orange,beer,apple
stapler,scissors,glue,PC
bread,orange,milk,apple
knife,plate,scissors,glue
bread,beer,milk,apple
fridge,TV,ele_oven,PC
TV,phone,ele_oven,PC
PC,ele_oven,fridge,TV
apple,bread,milk,orange
stapler,knife,glue,TV,phone
milk,apple,bread,ele_oven,glue
stapler,glue,scissors,plate,orange
beer,bread,apple,TV,ele_oven
plate,knife,stapler,milk,TV
scissors,stapler,glue,plate,PC
TV,phone,ele_oven,stapler,glue
glue,stapler,scissors,apple,fridge
scissors,stapler,knife,glue,orange
ele_oven,fridge,phone,knife,scissors
phone,fridge,TV,knife,beer
apple,milk,beer,bread,stapler
fridge,ele_oven,TV,glue,scissors
milk,apple,orange,fridge,stapler
orange,beer,bread,milk,phone
stapler,scissors,knife,ele_oven,phone
apple,beer,orange,plate,PC
glue,scissors,knife,stapler,PC
orange,milk,apple,TV,fridge
knife,stapler,plate,TV,beer
bread,apple,orange,beer,PC
knife,stapler,glue,orange,beer
milk,orange,bread,TV,knife
scissors,plate,stapler,glue,fridge
stapler,knife,plate,bread,beer
